{"cameraMode":{"drawMode":0,"name":"Shaded","section":"Shading Mode"},"sceneLighting":false,"audioPlay":false,"sceneViewState":{"showFog":false,"showMaterialUpdate":false,"showSkybox":false,"showFlares":false,"showImageEffects":false,"showParticleSystems":true},"in2DMode":false,"pivot":{"x":-0.020782828330993654,"y":0.0010752677917480469,"z":3.398024797439575},"rotation":{"x":-0.18136464059352876,"y":0.6526842713356018,"z":-0.16513535380363465,"w":-0.7168266773223877},"size":18.57392692565918,"orthographic":false}